¼øÀ§,ÆÀ¸í,G,SBA,SB,CS,SB%,OOB,PKO
10,KIA,91,40,28,12,70.0,28,4
4,KT,91,96,63,33,65.6,35,4
7,LG,95,80,52,28,65.0,47,4
5,NC,90,80,59,21,73.8,24,4
8,SK,94,74,47,27,63.5,31,10
5,µÎ»ê,94,84,59,25,70.2,37,1
3,·Ôµ¥,89,86,65,21,75.6,33,2
1,»ï¼º,93,124,87,37,70.2,32,9
2,Å°¿ò,97,96,81,15,84.4,28,7
9,ÇÑÈ­,92,64,37,27,57.8,31,4
